{"cameraMode":{"drawMode":0,"name":"Shaded","section":"Shading Mode"},"sceneLighting":false,"audioPlay":false,"sceneViewState":{"m_AlwaysRefresh":false,"showFog":true,"showSkybox":false,"showFlares":true,"showImageEffects":true,"showParticleSystems":true,"showVisualEffectGraphs":true,"m_FxEnabled":true},"in2DMode":false,"pivot":{"x":0.00019888859242200851,"y":0.03648155927658081,"z":-0.0058620767667889599},"rotation":{"x":-0.10591187328100205,"y":-0.6346240639686585,"z":0.08828288316726685,"w":-0.7605013251304627},"size":0.030352534726262094,"orthographic":false}