{"cameraMode":{"drawMode":0,"name":"Shaded","section":"Shading Mode"},"sceneLighting":true,"audioPlay":false,"sceneViewState":{"m_AlwaysRefresh":false,"showFog":true,"showSkybox":true,"showFlares":true,"showImageEffects":true,"showParticleSystems":true,"showVisualEffectGraphs":true,"m_FxEnabled":true},"in2DMode":false,"pivot":{"x":-3.9601988792419435,"y":8.093364715576172,"z":-1.3937371969223023},"rotation":{"x":-0.20406034588813783,"y":-0.4438376724720001,"z":0.1045265793800354,"w":-0.8663849234580994},"size":0.40658560395240786,"orthographic":false}